skill,link
AWS,https://www.pluralsight.com/search?q=AWS
Active Directory,https://www.coursera.org/search?query=Active%20Directory
Adobe XD,https://www.freecodecamp.org/news/search/?query=Adobe%20XD
Agile,https://www.linkedin.com/learning/search?keywords=Agile
Amazon Redshift,https://www.coursera.org/search?query=Amazon%20Redshift
Angular,https://www.coursera.org/search?query=Angular
Ansible,https://www.pluralsight.com/search?q=Ansible
Apache,https://www.pluralsight.com/search?q=Apache
Appium,https://www.udemy.com/courses/search/?q=Appium
Artificial Intelligence,https://www.coursera.org/search?query=Artificial%20Intelligence
Asana,https://www.linkedin.com/learning/search?keywords=Asana
Attention to Detail,https://www.udemy.com/courses/search/?q=Attention%20to%20Detail
Automation Testing,https://www.udemy.com/courses/search/?q=Automation%20Testing
Azure,https://www.pluralsight.com/search?q=Azure
BGP,https://www.coursera.org/search?query=BGP
BigQuery,https://www.coursera.org/search?query=BigQuery
Bitbucket,https://www.udemy.com/courses/search/?q=Bitbucket
Bootstrap,https://www.freecodecamp.org/news/search/?query=Bootstrap
Bug Tracking,https://www.coursera.org/search?query=Bug%20Tracking
Business Intelligence,https://www.coursera.org/search?query=Business%20Intelligence
C,https://www.udemy.com/courses/search/?q=C
C#,https://www.udemy.com/courses/search/?q=C%23
C++,https://www.udemy.com/courses/search/?q=C%2B%2B
CI/CD,https://www.pluralsight.com/search?q=CI/CD
CRM,https://www.coursera.org/search?query=CRM
CSS,https://www.freecodecamp.org/news/search/?query=CSS
Cassandra,https://www.coursera.org/search?query=Cassandra
CatBoost,https://www.udemy.com/courses/search/?q=CatBoost
CircleCI,https://www.coursera.org/search?query=CircleCI
Cisco,https://www.coursera.org/search?query=Cisco
Classification,https://www.udemy.com/courses/search/?q=Classification
Clustering,https://www.coursera.org/search?query=Clustering
CodeIgniter,https://www.coursera.org/search?query=CodeIgniter
Communication,https://www.linkedin.com/learning/search?keywords=Communication
Computer Vision,https://www.coursera.org/search?query=Computer%20Vision
Cordova,https://www.coursera.org/search?query=Cordova
Critical Thinking,https://www.coursera.org/search?query=Critical%20Thinking
Cryptography,https://www.coursera.org/search?query=Cryptography
Cybersecurity,https://www.coursera.org/search?query=Cybersecurity
Cypress,https://www.coursera.org/search?query=Cypress
D3.js,https://www.freecodecamp.org/news/search/?query=D3.js
DHCP,https://www.coursera.org/search?query=DHCP
DNS,https://www.coursera.org/search?query=DNS
Dashboard,https://www.coursera.org/search?query=Dashboard
Data Analysis,https://www.udemy.com/courses/search/?q=Data%20Analysis
Data Science,https://www.udemy.com/courses/search/?q=Data%20Science
Databricks,https://www.coursera.org/search?query=Databricks
Datadog,https://www.udemy.com/courses/search/?q=Datadog
Deep Learning,https://www.coursera.org/search?query=Deep%20Learning
Design Thinking,https://www.linkedin.com/learning/search?keywords=Design%20Thinking
DigitalOcean,https://www.udemy.com/courses/search/?q=DigitalOcean
Django,https://www.udemy.com/courses/search/?q=Django
Docker,https://www.pluralsight.com/search?q=Docker
DynamoDB,https://www.udemy.com/courses/search/?q=DynamoDB
ELK Stack,https://www.udemy.com/courses/search/?q=ELK%20Stack
ERP,https://www.coursera.org/search?query=ERP
Elasticsearch,https://www.pluralsight.com/search?q=Elasticsearch
Elixir,https://www.coursera.org/search?query=Elixir
Erlang,https://www.coursera.org/search?query=Erlang
Ethical Hacking,https://www.coursera.org/search?query=Ethical%20Hacking
Excel,https://www.coursera.org/search?query=Excel
Excel Macro,https://www.coursera.org/search?query=Excel%20Macro
Express.js,https://www.coursera.org/search?query=Express.js
FastAPI,https://www.udemy.com/courses/search/?q=FastAPI
Feature Engineering,https://www.coursera.org/search?query=Feature%20Engineering
Fiber,https://www.coursera.org/search?query=Fiber
Figma,https://www.freecodecamp.org/news/search/?query=Figma
Firewall,https://www.coursera.org/search?query=Firewall
Flask,https://www.udemy.com/courses/search/?q=Flask
Forecasting,https://www.coursera.org/search?query=Forecasting
Fortinet,https://www.coursera.org/search?query=Fortinet
GCP,https://www.pluralsight.com/search?q=GCP
Generative AI,https://www.coursera.org/search?query=Generative%20AI
Gin,https://www.udemy.com/courses/search/?q=Gin
Git,https://www.udemy.com/courses/search/?q=Git
GitHub,https://www.udemy.com/courses/search/?q=GitHub
GitHub Actions,https://www.udemy.com/courses/search/?q=GitHub%20Actions
GitLab,https://www.udemy.com/courses/search/?q=GitLab
GitLab CI/CD,https://www.pluralsight.com/search?q=GitLab%20CI/CD
Go,https://www.udemy.com/courses/search/?q=Go
Google Sheets,https://www.udemy.com/courses/search/?q=Google%20Sheets
Google Workspace,https://www.coursera.org/search?query=Google%20Workspace
Grafana,https://www.pluralsight.com/search?q=Grafana
HBase,https://www.coursera.org/search?query=HBase
HTML,https://www.freecodecamp.org/news/search/?query=HTML
Haskell,https://www.udemy.com/courses/search/?q=Haskell
Help Desk,https://www.linkedin.com/learning/search?keywords=Help%20Desk
Heroku,https://www.coursera.org/search?query=Heroku
Hive,https://www.coursera.org/search?query=Hive
HubSpot,https://www.udemy.com/courses/search/?q=HubSpot
Hugging Face,https://www.coursera.org/search?query=Hugging%20Face
IBM DB2,https://www.udemy.com/courses/search/?q=IBM%20DB2
IT Support,https://www.coursera.org/search?query=IT%20Support
ITIL,https://www.linkedin.com/learning/search?keywords=ITIL
InVision,https://www.freecodecamp.org/news/search/?query=InVision
InfluxDB,https://www.udemy.com/courses/search/?q=InfluxDB
Information Security,https://www.coursera.org/search?query=Information%20Security
Integration Testing,https://www.coursera.org/search?query=Integration%20Testing
Ionic,https://www.udemy.com/courses/search/?q=Ionic
JUnit,https://www.udemy.com/courses/search/?q=JUnit
Java,https://www.udemy.com/courses/search/?q=Java
JavaScript,https://www.freecodecamp.org/news/search/?query=JavaScript
Jenkins,https://www.pluralsight.com/search?q=Jenkins
Jest,https://www.udemy.com/courses/search/?q=Jest
Julia,https://www.udemy.com/courses/search/?q=Julia
Juniper,https://www.coursera.org/search?query=Juniper
Kafka,https://www.pluralsight.com/search?q=Kafka
Kanban,https://www.linkedin.com/learning/search?keywords=Kanban
Keras,https://www.coursera.org/search?query=Keras
Kibana,https://www.udemy.com/courses/search/?q=Kibana
Kotlin,https://www.udemy.com/courses/search/?q=Kotlin
Kubernetes,https://www.pluralsight.com/search?q=Kubernetes
LESS,https://www.freecodecamp.org/news/search/?query=LESS
LLM,https://www.coursera.org/search?query=LLM
Laravel,https://www.coursera.org/search?query=Laravel
LightGBM,https://www.udemy.com/courses/search/?q=LightGBM
Linux,https://www.pluralsight.com/search?q=Linux
Load Balancer,https://www.coursera.org/search?query=Load%20Balancer
Load Testing,https://www.udemy.com/courses/search/?q=Load%20Testing
Logstash,https://www.udemy.com/courses/search/?q=Logstash
Looker,https://www.coursera.org/search?query=Looker
Looker Studio,https://www.coursera.org/search?query=Looker%20Studio
MATLAB,https://www.udemy.com/courses/search/?q=MATLAB
MLOps,https://www.udemy.com/courses/search/?q=MLOps
MPLS,https://www.coursera.org/search?query=MPLS
Machine Learning,https://www.coursera.org/search?query=Machine%20Learning
Manual Testing,https://www.udemy.com/courses/search/?q=Manual%20Testing
MariaDB,https://www.coursera.org/search?query=MariaDB
Matplotlib,https://www.coursera.org/search?query=Matplotlib
Metabase,https://www.udemy.com/courses/search/?q=Metabase
Microsoft Office,https://www.coursera.org/search?query=Microsoft%20Office
Microsoft Word,https://www.coursera.org/search?query=Microsoft%20Word
Mocha,https://www.udemy.com/courses/search/?q=Mocha
MongoDB,https://www.coursera.org/search?query=MongoDB
MySQL,https://www.coursera.org/search?query=MySQL
NLP,https://www.coursera.org/search?query=NLP
Neo4j,https://www.udemy.com/courses/search/?q=Neo4j
NestJS,https://www.udemy.com/courses/search/?q=NestJS
Netlify,https://www.udemy.com/courses/search/?q=Netlify
New Relic,https://www.coursera.org/search?query=New%20Relic
Next.js,https://www.udemy.com/courses/search/?q=Next.js
Nginx,https://www.pluralsight.com/search?q=Nginx
Node.js,https://www.udemy.com/courses/search/?q=Node.js
Notion,https://www.linkedin.com/learning/search?keywords=Notion
NumPy,https://www.coursera.org/search?query=NumPy
Nuxt.js,https://www.udemy.com/courses/search/?q=Nuxt.js
OAuth,https://www.udemy.com/courses/search/?q=OAuth
OSPF,https://www.coursera.org/search?query=OSPF
OWASP,https://www.coursera.org/search?query=OWASP
Objective-C,https://www.udemy.com/courses/search/?q=Objective-C
Oracle DB,https://www.coursera.org/search?query=Oracle%20DB
Oracle ERP,https://www.coursera.org/search?query=Oracle%20ERP
PHP,https://www.udemy.com/courses/search/?q=PHP
Palo Alto,https://www.coursera.org/search?query=Palo%20Alto
Pandas,https://www.coursera.org/search?query=Pandas
Penetration Testing,https://www.coursera.org/search?query=Penetration%20Testing
Performance Testing,https://www.coursera.org/search?query=Performance%20Testing
Perl,https://www.coursera.org/search?query=Perl
Pivot Table,https://www.linkedin.com/learning/search?keywords=Pivot%20Table
Playwright,https://www.coursera.org/search?query=Playwright
Plotly,https://www.udemy.com/courses/search/?q=Plotly
PostgreSQL,https://www.coursera.org/search?query=PostgreSQL
Postman,https://www.udemy.com/courses/search/?q=Postman
Power BI,https://www.coursera.org/search?query=Power%20BI
PowerPoint,https://www.coursera.org/search?query=PowerPoint
Problem Solving,https://www.coursera.org/search?query=Problem%20Solving
Project Management,https://www.coursera.org/search?query=Project%20Management
Prometheus,https://www.pluralsight.com/search?q=Prometheus
Prompt Engineering,https://www.coursera.org/search?query=Prompt%20Engineering
Prototyping,https://www.coursera.org/search?query=Prototyping
PyTorch,https://www.coursera.org/search?query=PyTorch
Python,https://www.udemy.com/courses/search/?q=Python
Qlik Sense,https://www.udemy.com/courses/search/?q=Qlik%20Sense
QlikView,https://www.udemy.com/courses/search/?q=QlikView
R,https://www.coursera.org/search?query=R
React,https://www.coursera.org/search?query=React
Redis,https://www.pluralsight.com/search?q=Redis
Regression,https://www.coursera.org/search?query=Regression
Regression Testing,https://www.coursera.org/search?query=Regression%20Testing
Reporting,https://www.coursera.org/search?query=Reporting
Robot Framework,https://www.coursera.org/search?query=Robot%20Framework
Ruby,https://www.coursera.org/search?query=Ruby
Ruby on Rails,https://www.coursera.org/search?query=Ruby%20on%20Rails
Rust,https://www.coursera.org/search?query=Rust
SAP,https://www.linkedin.com/learning/search?keywords=SAP
SAP ERP,https://www.coursera.org/search?query=SAP%20ERP
SAP HANA,https://www.linkedin.com/learning/search?keywords=SAP%20HANA
SASS,https://www.freecodecamp.org/news/search/?query=SASS
SCSS,https://www.freecodecamp.org/news/search/?query=SCSS
SD-WAN,https://www.coursera.org/search?query=SD-WAN
SIEM,https://www.coursera.org/search?query=SIEM
SOC,https://www.coursera.org/search?query=SOC
SQL,https://www.coursera.org/search?query=SQL
SQL Server,https://www.coursera.org/search?query=SQL%20Server
SQLite,https://www.coursera.org/search?query=SQLite
SSL/TLS,https://www.coursera.org/search?query=SSL/TLS
SSO,https://www.udemy.com/courses/search/?q=SSO
Salesforce,https://www.coursera.org/search?query=Salesforce
Scala,https://www.udemy.com/courses/search/?q=Scala
SciPy,https://www.udemy.com/courses/search/?q=SciPy
Scikit-learn,https://www.coursera.org/search?query=Scikit-learn
Scrum,https://www.coursera.org/search?query=Scrum
Seaborn,https://www.coursera.org/search?query=Seaborn
Selenium,https://www.udemy.com/courses/search/?q=Selenium
Sketch,https://www.freecodecamp.org/news/search/?query=Sketch
Snowflake,https://www.coursera.org/search?query=Snowflake
SoapUI,https://www.udemy.com/courses/search/?q=SoapUI
Software Testing,https://www.coursera.org/search?query=Software%20Testing
Spring,https://www.coursera.org/search?query=Spring
Spring Boot,https://www.coursera.org/search?query=Spring%20Boot
Statistics,https://www.coursera.org/search?query=Statistics
Swift,https://www.udemy.com/courses/search/?q=Swift
Symfony,https://www.udemy.com/courses/search/?q=Symfony
TCP/IP,https://www.coursera.org/search?query=TCP/IP
Tableau,https://www.coursera.org/search?query=Tableau
Tailwind CSS,https://www.freecodecamp.org/news/search/?query=Tailwind%20CSS
Teamwork,https://www.coursera.org/search?query=Teamwork
Technical Support,https://www.coursera.org/search?query=Technical%20Support
TensorFlow,https://www.coursera.org/search?query=TensorFlow
Terraform,https://www.pluralsight.com/search?q=Terraform
Test Case,https://www.udemy.com/courses/search/?q=Test%20Case
Test Plan,https://www.udemy.com/courses/search/?q=Test%20Plan
Trello,https://www.coursera.org/search?query=Trello
Troubleshooting,https://www.coursera.org/search?query=Troubleshooting
TypeScript,https://www.coursera.org/search?query=TypeScript
UI/UX Design,https://www.udemy.com/courses/search/?q=UI/UX%20Design
Unit Testing,https://www.udemy.com/courses/search/?q=Unit%20Testing
Unix,https://www.pluralsight.com/search?q=Unix
VBA,https://www.udemy.com/courses/search/?q=VBA
VMware,https://www.pluralsight.com/search?q=VMware
VPN,https://www.coursera.org/search?query=VPN
VirtualBox,https://www.pluralsight.com/search?q=VirtualBox
Vue.js,https://www.udemy.com/courses/search/?q=Vue.js
Vulnerability Assessment,https://www.coursera.org/search?query=Vulnerability%20Assessment
Windows Server,https://www.pluralsight.com/search?q=Windows%20Server
Wireframing,https://www.freecodecamp.org/news/search/?query=Wireframing
Wireshark,https://www.coursera.org/search?query=Wireshark
XGBoost,https://www.coursera.org/search?query=XGBoost
Zoho CRM,https://www.coursera.org/search?query=Zoho%20CRM
ggplot2,https://www.udemy.com/courses/search/?q=ggplot2
jQuery,https://www.freecodecamp.org/news/search/?query=jQuery